Rani Kumari,9741234567,4.4,24.8275,92.8082,Tuktuk
Amit Sharma,9876543210,4.2,24.7462,92.7821,Tuktuk
Priya Patel,8765432109,4.6,24.75,92.79,Taxi
Rajesh Yadav,7654321098,4.1,24.7489,92.7762,Tuktuk
Sunita Devi,6543210987,4.3,24.7435,92.7803,Tuktuk
Arjun Singh,9432109876,4.5,24.8261,92.8062,Taxi
Meena Kumari,8321098765,4.0,24.7444,92.7789,Tuktuk
Vikram Das,7210987654,4.7,24.8275,92.8039,Taxi
Anjali Roy,6109876543,4.2,24.8246,92.8081,Tuktuk
Sanjay Gupta,5098765432,4.4,24.8223,92.8055,Tuktuk
Deepak Verma,4987654321,4.3,24.8155,92.7968,Taxi
Kavita Mishra,3876543210,4.1,24.8123,92.7937,Tuktuk
Rahul Tiwari,2765432109,4.6,24.8162,92.7945,Taxi
Neha Choudhury,1654321098,4.0,24.8138,92.7982,Tuktuk
Pradeep Mondal,9543210987,4.5,24.8111,92.7975,Tuktuk
Sonia Banerjee,8432109876,4.2,24.8462,92.8089,Taxi
Alok Chatterjee,7321098765,4.7,24.8421,92.8043,Taxi
Bina Sarkar,6210987654,4.1,24.8475,92.8102,Tuktuk
Manoj Dutta,5109876543,4.4,24.8438,92.8056,Tuktuk
Lata Sharma,4098765432,4.3,24.8481,92.8037,Taxi
Anil Mehta,3987654321,4.0,24.8265,92.8059,Tuktuk
Rina Das,2876543210,4.6,24.8242,92.8068,Taxi
Suresh Agarwal,1765432109,4.2,24.8271,92.8045,Tuktuk
Tanya Roy,9654321098,4.5,24.8257,92.8032,Tuktuk
Vishal Malhotra,8543210987,4.1,24.8143,92.7965,Taxi
Nisha Pandey,7432109876,4.4,24.8168,92.7941,Tuktuk
Karan Singh,6321098765,4.3,24.8129,92.7988,Taxi
Divya Reddy,5210987654,4.7,24.8151,92.7932,Tuktuk
Harish Kumar,4109876543,4.0,24.8135,92.7957,Tuktuk
Preeti Joshi,3098765432,4.6,24.8172,92.7973,Taxi
Rajiv Nair,2987654321,4.2,24.8203,92.8015,Tuktuk
Swati Menon,1876543210,4.5,24.8186,92.7989,Taxi
Amarjeet Kaur,9765432109,4.1,24.8214,92.8002,Tuktuk
Gaurav Saxena,8654321098,4.4,24.8197,92.7995,Tuktuk
Ishaan Patel,7543210987,4.3,24.8229,92.8038,Taxi
Jyoti Sinha,6432109876,4.7,24.8235,92.8011,Tuktuk
Kunal Bhatt,5321098765,4.0,24.8218,92.8044,Tuktuk
Maya Desai,4210987654,4.6,24.8241,92.8027,Taxi
Nitin Rao,3109876543,4.2,24.8269,92.8093,Tuktuk
Ojaswi Iyer,2098765432,4.5,24.8285,92.8108,Tuktuk
Pooja Reddy,1987654321,4.1,24.8252,92.8076,Taxi
Qamar Khan,9876543210,4.4,24.8291,92.8123,Tuktuk
Rajat Verma,8765432109,4.3,24.8278,92.8115,Tuktuk
Shilpa Bose,7654321098,4.7,24.8264,92.8087,Taxi
Tarun Grover,6543210987,4.0,24.8195,92.8006,Tuktuk
Usha Rani,5432109876,4.6,24.8179,92.8013,Tuktuk
Varun Chawla,4321098765,4.2,24.8209,92.8024,Taxi
Yashwant Dubey,3210987654,4.5,24.8183,92.7998,Tuktuk
Zeenat Khan,2109876543,4.1,24.8225,92.8009,Taxi
Aditya Kapoor,1098765432,4.4,24.8239,92.8046,Tuktuk
Bhavna Trivedi,9987654321,4.3,24.8212,92.8058,Tuktuk
Chirag Jain,8876543210,4.7,24.8248,92.8072,Taxi
Dipika Roy,7765432109,4.0,24.8132,92.7964,Tuktuk
Esha Malhotra,6654321098,4.6,24.8159,92.7951,Tuktuk
Farhan Sheikh,5543210987,4.2,24.8147,92.7979,Taxi
Geeta Prasad,4432109876,4.5,24.8165,92.7938,Tuktuk
Harshad Mehta,3321098765,4.1,24.8126,92.7943,Tuktuk
Indira Naidu,2210987654,4.4,24.8118,92.7986,Taxi
Jatin Shah,1109876543,4.3,24.8174,92.7967,Tuktuk
Kirti Bajaj,9998765432,4.7,24.8191,92.7978,Taxi
Lalit Khanna,8887654321,4.0,24.8206,92.8035,Tuktuk
Mohanlal Nair,7776543210,4.6,24.8189,92.8048,Tuktuk
Nandini Rao,6665432109,4.2,24.8221,92.8063,Taxi
Omkar Deshpande,5554321098,4.5,24.8233,92.8091,Tuktuk
Pallavi Mishra,4443210987,4.1,24.8247,92.8105,Tuktuk
Quaiser Ali,3332109876,4.4,24.8266,92.8127,Taxi
Rukmini Devi,2221098765,4.3,24.8282,92.8139,Tuktuk
Sachin Tendulkar,1110987654,4.7,24.8295,92.8152,Taxi
Tanvi Agarwal,0009876543,4.0,24.8301,92.8146,Tuktuk
Ujjwal Nath,9998765432,4.6,24.8312,92.8163,Tuktuk
Vandana Sethi,8887654321,4.2,24.8325,92.8178,Taxi
Wahid Khan,7776543210,4.5,24.8339,92.8191,Tuktuk
Xavier D'Souza,6665432109,4.1,24.8352,92.8204,Tuktuk
Yamini Gupta,5554321098,4.4,24.8367,92.8219,Taxi
Zara Khan,4443210987,4.3,24.8381,92.8233,Tuktuk
kunal rajesh sangalge,3838383838 4.0,24.8301,92.8146,Tuktuk
kunnnn,3829384928 4.0,24.8381,92.8233,Tuktuk
